<?xml version="1.0" encoding="UTF-8"?>
<GenRun Id="impl_1" LaunchPart="xc7a100tcsg324-1" LaunchTime="1639744387">
  <File Type="BITSTR-BMM" Name="NYU_6463_RV32I_Processor_bd.bmm"/>
  <File Type="OPT-METHODOLOGY-DRC" Name="NYU_6463_RV32I_Processor_methodology_drc_opted.rpt"/>
  <File Type="INIT-TIMING" Name="NYU_6463_RV32I_Processor_timing_summary_init.rpt"/>
  <File Type="ROUTE-PWR" Name="NYU_6463_RV32I_Processor_power_routed.rpt"/>
  <File Type="PA-TCL" Name="NYU_6463_RV32I_Processor.tcl"/>
  <File Type="OPT-TIMING" Name="NYU_6463_RV32I_Processor_timing_summary_opted.rpt"/>
  <File Type="OPT-DCP" Name="NYU_6463_RV32I_Processor_opt.dcp"/>
  <File Type="ROUTE-PWR-SUM" Name="NYU_6463_RV32I_Processor_power_summary_routed.pb"/>
  <File Type="REPORTS-TCL" Name="NYU_6463_RV32I_Processor_reports.tcl"/>
  <File Type="OPT-DRC" Name="NYU_6463_RV32I_Processor_drc_opted.rpt"/>
  <File Type="OPT-HWDEF" Name="NYU_6463_RV32I_Processor.hwdef"/>
  <File Type="PWROPT-DCP" Name="NYU_6463_RV32I_Processor_pwropt.dcp"/>
  <File Type="PWROPT-DRC" Name="NYU_6463_RV32I_Processor_drc_pwropted.rpt"/>
  <File Type="PWROPT-TIMING" Name="NYU_6463_RV32I_Processor_timing_summary_pwropted.rpt"/>
  <File Type="PLACE-DCP" Name="NYU_6463_RV32I_Processor_placed.dcp"/>
  <File Type="PLACE-IO" Name="NYU_6463_RV32I_Processor_io_placed.rpt"/>
  <File Type="PLACE-CLK" Name="NYU_6463_RV32I_Processor_clock_utilization_placed.rpt"/>
  <File Type="PLACE-UTIL" Name="NYU_6463_RV32I_Processor_utilization_placed.rpt"/>
  <File Type="PLACE-UTIL-PB" Name="NYU_6463_RV32I_Processor_utilization_placed.pb"/>
  <File Type="PLACE-CTRL" Name="NYU_6463_RV32I_Processor_control_sets_placed.rpt"/>
  <File Type="PLACE-SIMILARITY" Name="NYU_6463_RV32I_Processor_incremental_reuse_placed.rpt"/>
  <File Type="PLACE-PRE-SIMILARITY" Name="NYU_6463_RV32I_Processor_incremental_reuse_pre_placed.rpt"/>
  <File Type="BG-BGN" Name="NYU_6463_RV32I_Processor.bgn"/>
  <File Type="PLACE-TIMING" Name="NYU_6463_RV32I_Processor_timing_summary_placed.rpt"/>
  <File Type="POSTPLACE-PWROPT-DCP" Name="NYU_6463_RV32I_Processor_postplace_pwropt.dcp"/>
  <File Type="BG-BIN" Name="NYU_6463_RV32I_Processor.bin"/>
  <File Type="POSTPLACE-PWROPT-TIMING" Name="NYU_6463_RV32I_Processor_timing_summary_postplace_pwropted.rpt"/>
  <File Type="PHYSOPT-DCP" Name="NYU_6463_RV32I_Processor_physopt.dcp"/>
  <File Type="PHYSOPT-DRC" Name="NYU_6463_RV32I_Processor_drc_physopted.rpt"/>
  <File Type="BITSTR-MSK" Name="NYU_6463_RV32I_Processor.msk"/>
  <File Type="PHYSOPT-TIMING" Name="NYU_6463_RV32I_Processor_timing_summary_physopted.rpt"/>
  <File Type="ROUTE-ERROR-DCP" Name="NYU_6463_RV32I_Processor_routed_error.dcp"/>
  <File Type="ROUTE-DCP" Name="NYU_6463_RV32I_Processor_routed.dcp"/>
  <File Type="ROUTE-BLACKBOX-DCP" Name="NYU_6463_RV32I_Processor_routed_bb.dcp"/>
  <File Type="ROUTE-DRC" Name="NYU_6463_RV32I_Processor_drc_routed.rpt"/>
  <File Type="ROUTE-DRC-PB" Name="NYU_6463_RV32I_Processor_drc_routed.pb"/>
  <File Type="BITSTR-LTX" Name="debug_nets.ltx"/>
  <File Type="BITSTR-LTX" Name="NYU_6463_RV32I_Processor.ltx"/>
  <File Type="ROUTE-DRC-RPX" Name="NYU_6463_RV32I_Processor_drc_routed.rpx"/>
  <File Type="BITSTR-MMI" Name="NYU_6463_RV32I_Processor.mmi"/>
  <File Type="ROUTE-METHODOLOGY-DRC" Name="NYU_6463_RV32I_Processor_methodology_drc_routed.rpt"/>
  <File Type="ROUTE-METHODOLOGY-DRC-RPX" Name="NYU_6463_RV32I_Processor_methodology_drc_routed.rpx"/>
  <File Type="BITSTR-SYSDEF" Name="NYU_6463_RV32I_Processor.sysdef"/>
  <File Type="ROUTE-METHODOLOGY-DRC-PB" Name="NYU_6463_RV32I_Processor_methodology_drc_routed.pb"/>
  <File Type="ROUTE-PWR-RPX" Name="NYU_6463_RV32I_Processor_power_routed.rpx"/>
  <File Type="ROUTE-STATUS" Name="NYU_6463_RV32I_Processor_route_status.rpt"/>
  <File Type="ROUTE-STATUS-PB" Name="NYU_6463_RV32I_Processor_route_status.pb"/>
  <File Type="ROUTE-TIMINGSUMMARY" Name="NYU_6463_RV32I_Processor_timing_summary_routed.rpt"/>
  <File Type="ROUTE-TIMING-PB" Name="NYU_6463_RV32I_Processor_timing_summary_routed.pb"/>
  <File Type="ROUTE-TIMING-RPX" Name="NYU_6463_RV32I_Processor_timing_summary_routed.rpx"/>
  <File Type="ROUTE-SIMILARITY" Name="NYU_6463_RV32I_Processor_incremental_reuse_routed.rpt"/>
  <File Type="ROUTE-CLK" Name="NYU_6463_RV32I_Processor_clock_utilization_routed.rpt"/>
  <File Type="ROUTE-BUS-SKEW" Name="NYU_6463_RV32I_Processor_bus_skew_routed.rpt"/>
  <File Type="ROUTE-BUS-SKEW-PB" Name="NYU_6463_RV32I_Processor_bus_skew_routed.pb"/>
  <File Type="ROUTE-BUS-SKEW-RPX" Name="NYU_6463_RV32I_Processor_bus_skew_routed.rpx"/>
  <File Type="POSTROUTE-PHYSOPT-DCP" Name="NYU_6463_RV32I_Processor_postroute_physopt.dcp"/>
  <File Type="POSTROUTE-PHYSOPT-BLACKBOX-DCP" Name="NYU_6463_RV32I_Processor_postroute_physopt_bb.dcp"/>
  <File Type="POSTROUTE-PHYSOPT-TIMING" Name="NYU_6463_RV32I_Processor_timing_summary_postroute_physopted.rpt"/>
  <File Type="POSTROUTE-PHYSOPT-TIMING-PB" Name="NYU_6463_RV32I_Processor_timing_summary_postroute_physopted.pb"/>
  <File Type="POSTROUTE-PHYSOPT-TIMING-RPX" Name="NYU_6463_RV32I_Processor_timing_summary_postroute_physopted.rpx"/>
  <File Type="POSTROUTE-PHYSOPT-BUS-SKEW" Name="NYU_6463_RV32I_Processor_bus_skew_postroute_physopted.rpt"/>
  <File Type="POSTROUTE-PHYSOPT-BUS-SKEW-PB" Name="NYU_6463_RV32I_Processor_bus_skew_postroute_physopted.pb"/>
  <File Type="BG-BIT" Name="NYU_6463_RV32I_Processor.bit"/>
  <File Type="POSTROUTE-PHYSOPT-BUS-SKEW-RPX" Name="NYU_6463_RV32I_Processor_bus_skew_postroute_physopted.rpx"/>
  <File Type="BITSTR-RBT" Name="NYU_6463_RV32I_Processor.rbt"/>
  <File Type="BITSTR-NKY" Name="NYU_6463_RV32I_Processor.nky"/>
  <File Type="BG-DRC" Name="NYU_6463_RV32I_Processor.drc"/>
  <File Type="RDI-RDI" Name="NYU_6463_RV32I_Processor.vdi"/>
  <File Type="WBT-USG" Name="usage_statistics_webtalk.html"/>
  <FileSet Name="sources" Type="DesignSrcs" RelSrcDir="$PSRCDIR/sources_1">
    <Filter Type="Srcs"/>
    <File Path="$PSRCDIR/sources_1/new/RV321_pkg.vhd">
      <FileInfo>
        <Attr Name="ImportPath" Val="$PPRDIR/../../New York University/PhD Degree/Year 1/Semester 1/Advanced Hardware Design/Class Project 2021/Project Files/NYU-6463-RV321 Processor/NYU-6463-RV321 Processor.srcs/sources_1/new/RV321_pkg.vhd"/>
        <Attr Name="ImportTime" Val="1638758666"/>
        <Attr Name="UsedIn" Val="synthesis"/>
        <Attr Name="UsedIn" Val="simulation"/>
      </FileInfo>
    </File>
    <File Path="$PSRCDIR/sources_1/new/Control_Unit.vhd">
      <FileInfo>
        <Attr Name="ImportPath" Val="$PPRDIR/../../New York University/PhD Degree/Year 1/Semester 1/Advanced Hardware Design/Class Project 2021/Project Files/NYU-6463-RV321 Processor/NYU-6463-RV321 Processor.srcs/sources_1/new/Control_Unit.vhd"/>
        <Attr Name="ImportTime" Val="1638690451"/>
        <Attr Name="UsedIn" Val="synthesis"/>
        <Attr Name="UsedIn" Val="simulation"/>
      </FileInfo>
    </File>
    <File Path="$PSRCDIR/sources_1/new/Switch_Memory.vhd">
      <FileInfo>
        <Attr Name="ImportPath" Val="$PPRDIR/../../New York University/PhD Degree/Year 1/Semester 1/Advanced Hardware Design/Class Project 2021/Project Files/NYU-6463-RV321 Processor/NYU-6463-RV321 Processor.srcs/sources_1/new/Switch_Memory.vhd"/>
        <Attr Name="ImportTime" Val="1637980123"/>
        <Attr Name="UsedIn" Val="synthesis"/>
        <Attr Name="UsedIn" Val="simulation"/>
      </FileInfo>
    </File>
    <File Path="$PSRCDIR/sources_1/new/Data_Memory.vhd">
      <FileInfo>
        <Attr Name="ImportPath" Val="$PPRDIR/../../New York University/PhD Degree/Year 1/Semester 1/Advanced Hardware Design/Class Project 2021/Project Files/NYU-6463-RV321 Processor/NYU-6463-RV321 Processor.srcs/sources_1/new/Data_Memory.vhd"/>
        <Attr Name="ImportTime" Val="1638731277"/>
        <Attr Name="UsedIn" Val="synthesis"/>
        <Attr Name="UsedIn" Val="simulation"/>
      </FileInfo>
    </File>
    <File Path="$PSRCDIR/sources_1/new/Led_Memory.vhd">
      <FileInfo>
        <Attr Name="ImportPath" Val="$PPRDIR/../../New York University/PhD Degree/Year 1/Semester 1/Advanced Hardware Design/Class Project 2021/Project Files/NYU-6463-RV321 Processor/NYU-6463-RV321 Processor.srcs/sources_1/new/Led_Memory.vhd"/>
        <Attr Name="ImportTime" Val="1637906655"/>
        <Attr Name="UsedIn" Val="synthesis"/>
        <Attr Name="UsedIn" Val="simulation"/>
      </FileInfo>
    </File>
    <File Path="$PSRCDIR/sources_1/new/OPCODES.vhd">
      <FileInfo>
        <Attr Name="ImportPath" Val="$PPRDIR/../../New York University/PhD Degree/Year 1/Semester 1/Advanced Hardware Design/Class Project 2021/Project Files/NYU-6463-RV321 Processor/NYU-6463-RV321 Processor.srcs/sources_1/new/OPCODES.vhd"/>
        <Attr Name="ImportTime" Val="1637325473"/>
        <Attr Name="UsedIn" Val="synthesis"/>
        <Attr Name="UsedIn" Val="simulation"/>
      </FileInfo>
    </File>
    <File Path="$PSRCDIR/sources_1/new/Program_Counter.vhd">
      <FileInfo>
        <Attr Name="ImportPath" Val="$PPRDIR/../../New York University/PhD Degree/Year 1/Semester 1/Advanced Hardware Design/Class Project 2021/Project Files/NYU-6463-RV321 Processor/NYU-6463-RV321 Processor.srcs/sources_1/new/Program_Counter.vhd"/>
        <Attr Name="ImportTime" Val="1637049633"/>
        <Attr Name="UsedIn" Val="synthesis"/>
        <Attr Name="UsedIn" Val="simulation"/>
      </FileInfo>
    </File>
    <File Path="$PSRCDIR/sources_1/new/Instruction_Memory.vhd">
      <FileInfo>
        <Attr Name="ImportPath" Val="$PPRDIR/../../New York University/PhD Degree/Year 1/Semester 1/Advanced Hardware Design/Class Project 2021/Project Files/NYU-6463-RV321 Processor/NYU-6463-RV321 Processor.srcs/sources_1/new/Instruction_Memory.vhd"/>
        <Attr Name="ImportTime" Val="1637217460"/>
        <Attr Name="UsedIn" Val="synthesis"/>
        <Attr Name="UsedIn" Val="simulation"/>
      </FileInfo>
    </File>
    <File Path="$PSRCDIR/sources_1/imports/NYU-6463-RV321 Processor/main.mem">
      <FileInfo>
        <Attr Name="ImportPath" Val="$PPRDIR/../../New York University/PhD Degree/Year 1/Semester 1/Advanced Hardware Design/Class Project 2021/Project Files/NYU-6463-RV321 Processor/main.mem"/>
        <Attr Name="ImportTime" Val="1637049316"/>
        <Attr Name="UsedIn" Val="synthesis"/>
        <Attr Name="UsedIn" Val="simulation"/>
      </FileInfo>
    </File>
    <File Path="$PSRCDIR/sources_1/imports/NYU-6463-RV321 Processor/nnum.mem">
      <FileInfo>
        <Attr Name="ImportPath" Val="$PPRDIR/../../New York University/PhD Degree/Year 1/Semester 1/Advanced Hardware Design/Class Project 2021/Project Files/NYU-6463-RV321 Processor/nnum.mem"/>
        <Attr Name="ImportTime" Val="1637124238"/>
        <Attr Name="UsedIn" Val="synthesis"/>
        <Attr Name="UsedIn" Val="simulation"/>
      </FileInfo>
    </File>
    <File Path="$PSRCDIR/sources_1/new/Memory.vhd">
      <FileInfo>
        <Attr Name="ImportPath" Val="$PPRDIR/../../New York University/PhD Degree/Year 1/Semester 1/Advanced Hardware Design/Class Project 2021/Project Files/NYU-6463-RV321 Processor/NYU-6463-RV321 Processor.srcs/sources_1/new/Memory.vhd"/>
        <Attr Name="ImportTime" Val="1638758604"/>
        <Attr Name="UsedIn" Val="synthesis"/>
        <Attr Name="UsedIn" Val="simulation"/>
      </FileInfo>
    </File>
    <File Path="$PSRCDIR/sources_1/new/Nnum_Memory.vhd">
      <FileInfo>
        <Attr Name="ImportPath" Val="$PPRDIR/../../New York University/PhD Degree/Year 1/Semester 1/Advanced Hardware Design/Class Project 2021/Project Files/NYU-6463-RV321 Processor/NYU-6463-RV321 Processor.srcs/sources_1/new/Nnum_Memory.vhd"/>
        <Attr Name="ImportTime" Val="1637908323"/>
        <Attr Name="UsedIn" Val="synthesis"/>
        <Attr Name="UsedIn" Val="simulation"/>
      </FileInfo>
    </File>
    <File Path="$PSRCDIR/sources_1/imports/Data_ext/Data_ext.vhd">
      <FileInfo>
        <Attr Name="ImportPath" Val="$PPRDIR/../GIT/NYU-6463-RV321/ARTEM/Data_ext/Data_ext.vhd"/>
        <Attr Name="ImportTime" Val="1638817619"/>
        <Attr Name="UsedIn" Val="synthesis"/>
        <Attr Name="UsedIn" Val="simulation"/>
      </FileInfo>
    </File>
    <File Path="$PSRCDIR/sources_1/imports/Imm_ext/Imm_ext.vhd">
      <FileInfo>
        <Attr Name="ImportPath" Val="$PPRDIR/../GIT/NYU-6463-RV321/ARTEM/Imm_ext/Imm_ext.vhd"/>
        <Attr Name="ImportTime" Val="1638817619"/>
        <Attr Name="UsedIn" Val="synthesis"/>
        <Attr Name="UsedIn" Val="simulation"/>
      </FileInfo>
    </File>
    <File Path="$PSRCDIR/sources_1/imports/ALU Components/SRA_Func.vhd">
      <FileInfo>
        <Attr Name="ImportPath" Val="$PPRDIR/../GIT/NYU-6463-RV321/Shubham/ALU/ALU Components/SRA_Func.vhd"/>
        <Attr Name="ImportTime" Val="1638817619"/>
        <Attr Name="UsedIn" Val="synthesis"/>
        <Attr Name="UsedIn" Val="simulation"/>
      </FileInfo>
    </File>
    <File Path="$PSRCDIR/sources_1/imports/ALU Components/AND_Func.vhd">
      <FileInfo>
        <Attr Name="ImportPath" Val="$PPRDIR/../GIT/NYU-6463-RV321/Shubham/ALU/ALU Components/AND_Func.vhd"/>
        <Attr Name="ImportTime" Val="1638817619"/>
        <Attr Name="UsedIn" Val="synthesis"/>
        <Attr Name="UsedIn" Val="simulation"/>
      </FileInfo>
    </File>
    <File Path="$PSRCDIR/sources_1/imports/ALU Components/SLT_Func.vhd">
      <FileInfo>
        <Attr Name="ImportPath" Val="$PPRDIR/../GIT/NYU-6463-RV321/Shubham/ALU/ALU Components/SLT_Func.vhd"/>
        <Attr Name="ImportTime" Val="1638817619"/>
        <Attr Name="UsedIn" Val="synthesis"/>
        <Attr Name="UsedIn" Val="simulation"/>
      </FileInfo>
    </File>
    <File Path="$PSRCDIR/sources_1/imports/ALU Components/SLTU_Func.vhd">
      <FileInfo>
        <Attr Name="ImportPath" Val="$PPRDIR/../GIT/NYU-6463-RV321/Shubham/ALU/ALU Components/SLTU_Func.vhd"/>
        <Attr Name="ImportTime" Val="1638817619"/>
        <Attr Name="UsedIn" Val="synthesis"/>
        <Attr Name="UsedIn" Val="simulation"/>
      </FileInfo>
    </File>
    <File Path="$PSRCDIR/sources_1/imports/ALU Components/SLL_Func.vhd">
      <FileInfo>
        <Attr Name="ImportPath" Val="$PPRDIR/../GIT/NYU-6463-RV321/Shubham/ALU/ALU Components/SLL_Func.vhd"/>
        <Attr Name="ImportTime" Val="1638817619"/>
        <Attr Name="UsedIn" Val="synthesis"/>
        <Attr Name="UsedIn" Val="simulation"/>
      </FileInfo>
    </File>
    <File Path="$PSRCDIR/sources_1/imports/ALU Components/ADD_Func.vhd">
      <FileInfo>
        <Attr Name="ImportPath" Val="$PPRDIR/../GIT/NYU-6463-RV321/Shubham/ALU/ALU Components/ADD_Func.vhd"/>
        <Attr Name="ImportTime" Val="1638817619"/>
        <Attr Name="UsedIn" Val="synthesis"/>
        <Attr Name="UsedIn" Val="simulation"/>
      </FileInfo>
    </File>
    <File Path="$PSRCDIR/sources_1/imports/ALU Components/SRL_Func.vhd">
      <FileInfo>
        <Attr Name="ImportPath" Val="$PPRDIR/../GIT/NYU-6463-RV321/Shubham/ALU/ALU Components/SRL_Func.vhd"/>
        <Attr Name="ImportTime" Val="1638817619"/>
        <Attr Name="UsedIn" Val="synthesis"/>
        <Attr Name="UsedIn" Val="simulation"/>
      </FileInfo>
    </File>
    <File Path="$PSRCDIR/sources_1/imports/ALU Components/SUB_Func.vhd">
      <FileInfo>
        <Attr Name="ImportPath" Val="$PPRDIR/../GIT/NYU-6463-RV321/Shubham/ALU/ALU Components/SUB_Func.vhd"/>
        <Attr Name="ImportTime" Val="1638817619"/>
        <Attr Name="UsedIn" Val="synthesis"/>
        <Attr Name="UsedIn" Val="simulation"/>
      </FileInfo>
    </File>
    <File Path="$PSRCDIR/sources_1/imports/ALU Components/OR_Func.vhd">
      <FileInfo>
        <Attr Name="ImportPath" Val="$PPRDIR/../GIT/NYU-6463-RV321/Shubham/ALU/ALU Components/OR_Func.vhd"/>
        <Attr Name="ImportTime" Val="1638817619"/>
        <Attr Name="UsedIn" Val="synthesis"/>
        <Attr Name="UsedIn" Val="simulation"/>
      </FileInfo>
    </File>
    <File Path="$PSRCDIR/sources_1/imports/ALU Components/XOR_Func.vhd">
      <FileInfo>
        <Attr Name="ImportPath" Val="$PPRDIR/../GIT/NYU-6463-RV321/Shubham/ALU/ALU Components/XOR_Func.vhd"/>
        <Attr Name="ImportTime" Val="1638817619"/>
        <Attr Name="UsedIn" Val="synthesis"/>
        <Attr Name="UsedIn" Val="simulation"/>
      </FileInfo>
    </File>
    <File Path="$PSRCDIR/sources_1/imports/ALU/ALU.vhd">
      <FileInfo>
        <Attr Name="ImportPath" Val="$PPRDIR/../GIT/NYU-6463-RV321/Shubham/ALU/ALU.vhd"/>
        <Attr Name="ImportTime" Val="1638817619"/>
        <Attr Name="UsedIn" Val="synthesis"/>
        <Attr Name="UsedIn" Val="simulation"/>
      </FileInfo>
    </File>
    <File Path="$PSRCDIR/sources_1/imports/Branch Comparisons/BranchCmp.vhd">
      <FileInfo>
        <Attr Name="ImportPath" Val="$PPRDIR/../GIT/NYU-6463-RV321/Shubham/Branch Comparisons/BranchCmp.vhd"/>
        <Attr Name="ImportTime" Val="1638817619"/>
        <Attr Name="UsedIn" Val="synthesis"/>
        <Attr Name="UsedIn" Val="simulation"/>
      </FileInfo>
    </File>
    <File Path="$PSRCDIR/sources_1/imports/REGISTER FILE/reg_file.vhd">
      <FileInfo>
        <Attr Name="ImportPath" Val="$PPRDIR/../GIT/NYU-6463-RV321/Shubham/REGISTER FILE/reg_file.vhd"/>
        <Attr Name="ImportTime" Val="1638817619"/>
        <Attr Name="UsedIn" Val="synthesis"/>
        <Attr Name="UsedIn" Val="simulation"/>
      </FileInfo>
    </File>
    <File Path="$PSRCDIR/sources_1/new/NYU_6463_RV32I_Processor.vhd">
      <FileInfo>
        <Attr Name="UsedIn" Val="synthesis"/>
        <Attr Name="UsedIn" Val="simulation"/>
      </FileInfo>
    </File>
    <File Path="$PSRCDIR/sources_1/imports/Instruction Tests/i31_SLT.mem">
      <FileInfo>
        <Attr Name="ImportPath" Val="$PPRDIR/../Instruction Tests/i31_SLT.mem"/>
        <Attr Name="ImportTime" Val="1639055603"/>
        <Attr Name="UsedIn" Val="synthesis"/>
        <Attr Name="UsedIn" Val="simulation"/>
      </FileInfo>
    </File>
    <File Path="$PSRCDIR/sources_1/imports/Instruction Tests/i29_SUB.mem">
      <FileInfo>
        <Attr Name="ImportPath" Val="$PPRDIR/../Instruction Tests/i29_SUB.mem"/>
        <Attr Name="ImportTime" Val="1639055623"/>
        <Attr Name="UsedIn" Val="synthesis"/>
        <Attr Name="UsedIn" Val="simulation"/>
      </FileInfo>
    </File>
    <File Path="$PSRCDIR/sources_1/imports/Instruction Tests/i17_SH.mem">
      <FileInfo>
        <Attr Name="ImportPath" Val="$PPRDIR/../Instruction Tests/i17_SH.mem"/>
        <Attr Name="ImportTime" Val="1639055310"/>
        <Attr Name="UsedIn" Val="synthesis"/>
        <Attr Name="UsedIn" Val="simulation"/>
      </FileInfo>
    </File>
    <File Path="$PSRCDIR/sources_1/imports/Instruction Tests/i40_EBREAK.mem">
      <FileInfo>
        <Attr Name="ImportPath" Val="$PPRDIR/../Instruction Tests/i40_EBREAK.mem"/>
        <Attr Name="ImportTime" Val="1638995663"/>
        <Attr Name="UsedIn" Val="synthesis"/>
        <Attr Name="UsedIn" Val="simulation"/>
      </FileInfo>
    </File>
    <File Path="$PSRCDIR/sources_1/imports/Instruction Tests/i32_SLTU.mem">
      <FileInfo>
        <Attr Name="ImportPath" Val="$PPRDIR/../Instruction Tests/i32_SLTU.mem"/>
        <Attr Name="ImportTime" Val="1639055592"/>
        <Attr Name="UsedIn" Val="synthesis"/>
        <Attr Name="UsedIn" Val="simulation"/>
      </FileInfo>
    </File>
    <File Path="$PSRCDIR/sources_1/imports/Instruction Tests/i25_SLLI.mem">
      <FileInfo>
        <Attr Name="ImportPath" Val="$PPRDIR/../Instruction Tests/i25_SLLI.mem"/>
        <Attr Name="ImportTime" Val="1639055506"/>
        <Attr Name="UsedIn" Val="synthesis"/>
        <Attr Name="UsedIn" Val="simulation"/>
      </FileInfo>
    </File>
    <File Path="$PSRCDIR/sources_1/imports/Instruction Tests/i16_SB.mem">
      <FileInfo>
        <Attr Name="ImportPath" Val="$PPRDIR/../Instruction Tests/i16_SB.mem"/>
        <Attr Name="ImportTime" Val="1639055324"/>
        <Attr Name="UsedIn" Val="synthesis"/>
        <Attr Name="UsedIn" Val="simulation"/>
      </FileInfo>
    </File>
    <File Path="$PSRCDIR/sources_1/imports/Instruction Tests/i19_ADDI.mem">
      <FileInfo>
        <Attr Name="ImportPath" Val="$PPRDIR/../Instruction Tests/i19_ADDI.mem"/>
        <Attr Name="ImportTime" Val="1639055518"/>
        <Attr Name="UsedIn" Val="synthesis"/>
        <Attr Name="UsedIn" Val="simulation"/>
      </FileInfo>
    </File>
    <File Path="$PSRCDIR/sources_1/imports/Instruction Tests/i27_SRAI.mem">
      <FileInfo>
        <Attr Name="ImportPath" Val="$PPRDIR/../Instruction Tests/i27_SRAI.mem"/>
        <Attr Name="ImportTime" Val="1639055444"/>
        <Attr Name="UsedIn" Val="synthesis"/>
        <Attr Name="UsedIn" Val="simulation"/>
      </FileInfo>
    </File>
    <File Path="$PSRCDIR/sources_1/imports/Instruction Tests/i24_ANDI.mem">
      <FileInfo>
        <Attr Name="ImportPath" Val="$PPRDIR/../Instruction Tests/i24_ANDI.mem"/>
        <Attr Name="ImportTime" Val="1639055416"/>
        <Attr Name="UsedIn" Val="synthesis"/>
        <Attr Name="UsedIn" Val="simulation"/>
      </FileInfo>
    </File>
    <File Path="$PSRCDIR/sources_1/imports/Instruction Tests/i26_SRLI.mem">
      <FileInfo>
        <Attr Name="ImportPath" Val="$PPRDIR/../Instruction Tests/i26_SRLI.mem"/>
        <Attr Name="ImportTime" Val="1639055457"/>
        <Attr Name="UsedIn" Val="synthesis"/>
        <Attr Name="UsedIn" Val="simulation"/>
      </FileInfo>
    </File>
    <File Path="$PSRCDIR/sources_1/imports/Instruction Tests/i18_SW.mem">
      <FileInfo>
        <Attr Name="ImportPath" Val="$PPRDIR/../Instruction Tests/i18_SW.mem"/>
        <Attr Name="ImportTime" Val="1639055297"/>
        <Attr Name="UsedIn" Val="synthesis"/>
        <Attr Name="UsedIn" Val="simulation"/>
      </FileInfo>
    </File>
    <File Path="$PSRCDIR/sources_1/imports/Instruction Tests/i28_ADD.mem">
      <FileInfo>
        <Attr Name="ImportPath" Val="$PPRDIR/../Instruction Tests/i28_ADD.mem"/>
        <Attr Name="ImportTime" Val="1639055636"/>
        <Attr Name="UsedIn" Val="synthesis"/>
        <Attr Name="UsedIn" Val="simulation"/>
      </FileInfo>
    </File>
    <File Path="$PSRCDIR/sources_1/imports/Instruction Tests/i35_SRA.mem">
      <FileInfo>
        <Attr Name="ImportPath" Val="$PPRDIR/../Instruction Tests/i35_SRA.mem"/>
        <Attr Name="ImportTime" Val="1639055556"/>
        <Attr Name="UsedIn" Val="synthesis"/>
        <Attr Name="UsedIn" Val="simulation"/>
      </FileInfo>
    </File>
    <File Path="$PSRCDIR/sources_1/imports/Instruction Tests/i11_LB.mem">
      <FileInfo>
        <Attr Name="ImportPath" Val="$PPRDIR/../Instruction Tests/i11_LB.mem"/>
        <Attr Name="ImportTime" Val="1639055400"/>
        <Attr Name="UsedIn" Val="synthesis"/>
        <Attr Name="UsedIn" Val="simulation"/>
      </FileInfo>
    </File>
    <File Path="$PSRCDIR/sources_1/imports/Instruction Tests/i36_OR.mem">
      <FileInfo>
        <Attr Name="ImportPath" Val="$PPRDIR/../Instruction Tests/i36_OR.mem"/>
        <Attr Name="ImportTime" Val="1639055546"/>
        <Attr Name="UsedIn" Val="synthesis"/>
        <Attr Name="UsedIn" Val="simulation"/>
      </FileInfo>
    </File>
    <File Path="$PSRCDIR/sources_1/imports/Instruction Tests/i33_XOR.mem">
      <FileInfo>
        <Attr Name="ImportPath" Val="$PPRDIR/../Instruction Tests/i33_XOR.mem"/>
        <Attr Name="ImportTime" Val="1639055579"/>
        <Attr Name="UsedIn" Val="synthesis"/>
        <Attr Name="UsedIn" Val="simulation"/>
      </FileInfo>
    </File>
    <File Path="$PSRCDIR/sources_1/imports/Instruction Tests/i15_LHU.mem">
      <FileInfo>
        <Attr Name="ImportPath" Val="$PPRDIR/../Instruction Tests/i15_LHU.mem"/>
        <Attr Name="ImportTime" Val="1639055359"/>
        <Attr Name="UsedIn" Val="synthesis"/>
        <Attr Name="UsedIn" Val="simulation"/>
      </FileInfo>
    </File>
    <File Path="$PSRCDIR/sources_1/imports/Instruction Tests/i13_LW.mem">
      <FileInfo>
        <Attr Name="ImportPath" Val="$PPRDIR/../Instruction Tests/i13_LW.mem"/>
        <Attr Name="ImportTime" Val="1639055380"/>
        <Attr Name="UsedIn" Val="synthesis"/>
        <Attr Name="UsedIn" Val="simulation"/>
      </FileInfo>
    </File>
    <File Path="$PSRCDIR/sources_1/imports/Instruction Tests/i14_LBU.mem">
      <FileInfo>
        <Attr Name="ImportPath" Val="$PPRDIR/../Instruction Tests/i14_LBU.mem"/>
        <Attr Name="ImportTime" Val="1639055371"/>
        <Attr Name="UsedIn" Val="synthesis"/>
        <Attr Name="UsedIn" Val="simulation"/>
      </FileInfo>
    </File>
    <File Path="$PSRCDIR/sources_1/imports/Instruction Tests/i20_SLTI.mem">
      <FileInfo>
        <Attr Name="ImportPath" Val="$PPRDIR/../Instruction Tests/i20_SLTI.mem"/>
        <Attr Name="ImportTime" Val="1639055492"/>
        <Attr Name="UsedIn" Val="synthesis"/>
        <Attr Name="UsedIn" Val="simulation"/>
      </FileInfo>
    </File>
    <File Path="$PSRCDIR/sources_1/imports/Instruction Tests/i30_SLL.mem">
      <FileInfo>
        <Attr Name="ImportPath" Val="$PPRDIR/../Instruction Tests/i30_SLL.mem"/>
        <Attr Name="ImportTime" Val="1639055614"/>
        <Attr Name="UsedIn" Val="synthesis"/>
        <Attr Name="UsedIn" Val="simulation"/>
      </FileInfo>
    </File>
    <File Path="$PSRCDIR/sources_1/imports/Instruction Tests/i37_AND.mem">
      <FileInfo>
        <Attr Name="ImportPath" Val="$PPRDIR/../Instruction Tests/i37_AND.mem"/>
        <Attr Name="ImportTime" Val="1639055535"/>
        <Attr Name="UsedIn" Val="synthesis"/>
        <Attr Name="UsedIn" Val="simulation"/>
      </FileInfo>
    </File>
    <File Path="$PSRCDIR/sources_1/imports/Instruction Tests/i39_ECALL.mem">
      <FileInfo>
        <Attr Name="ImportPath" Val="$PPRDIR/../Instruction Tests/i39_ECALL.mem"/>
        <Attr Name="ImportTime" Val="1638995663"/>
        <Attr Name="UsedIn" Val="synthesis"/>
        <Attr Name="UsedIn" Val="simulation"/>
      </FileInfo>
    </File>
    <File Path="$PSRCDIR/sources_1/imports/Instruction Tests/i10_BGEU.mem">
      <FileInfo>
        <Attr Name="ImportPath" Val="$PPRDIR/../Instruction Tests/i10_BGEU.mem"/>
        <Attr Name="ImportTime" Val="1639055221"/>
        <Attr Name="UsedIn" Val="synthesis"/>
        <Attr Name="UsedIn" Val="simulation"/>
      </FileInfo>
    </File>
    <File Path="$PSRCDIR/sources_1/imports/Instruction Tests/i23_ORI.mem">
      <FileInfo>
        <Attr Name="ImportPath" Val="$PPRDIR/../Instruction Tests/i23_ORI.mem"/>
        <Attr Name="ImportTime" Val="1639055426"/>
        <Attr Name="UsedIn" Val="synthesis"/>
        <Attr Name="UsedIn" Val="simulation"/>
      </FileInfo>
    </File>
    <File Path="$PSRCDIR/sources_1/imports/Instruction Tests/i34_SRL.mem">
      <FileInfo>
        <Attr Name="ImportPath" Val="$PPRDIR/../Instruction Tests/i34_SRL.mem"/>
        <Attr Name="ImportTime" Val="1639055569"/>
        <Attr Name="UsedIn" Val="synthesis"/>
        <Attr Name="UsedIn" Val="simulation"/>
      </FileInfo>
    </File>
    <File Path="$PSRCDIR/sources_1/imports/Instruction Tests/i38_FENCE.mem">
      <FileInfo>
        <Attr Name="ImportPath" Val="$PPRDIR/../Instruction Tests/i38_FENCE.mem"/>
        <Attr Name="ImportTime" Val="1638995663"/>
        <Attr Name="UsedIn" Val="synthesis"/>
        <Attr Name="UsedIn" Val="simulation"/>
      </FileInfo>
    </File>
    <File Path="$PSRCDIR/sources_1/imports/Instruction Tests/i22_XORI.mem">
      <FileInfo>
        <Attr Name="ImportPath" Val="$PPRDIR/../Instruction Tests/i22_XORI.mem"/>
        <Attr Name="ImportTime" Val="1639055469"/>
        <Attr Name="UsedIn" Val="synthesis"/>
        <Attr Name="UsedIn" Val="simulation"/>
      </FileInfo>
    </File>
    <File Path="$PSRCDIR/sources_1/imports/Instruction Tests/i21_SLTIU.mem">
      <FileInfo>
        <Attr Name="ImportPath" Val="$PPRDIR/../Instruction Tests/i21_SLTIU.mem"/>
        <Attr Name="ImportTime" Val="1639055481"/>
        <Attr Name="UsedIn" Val="synthesis"/>
        <Attr Name="UsedIn" Val="simulation"/>
      </FileInfo>
    </File>
    <File Path="$PSRCDIR/sources_1/imports/Instruction Tests/i12_LH.mem">
      <FileInfo>
        <Attr Name="ImportPath" Val="$PPRDIR/../Instruction Tests/i12_LH.mem"/>
        <Attr Name="ImportTime" Val="1639055390"/>
        <Attr Name="UsedIn" Val="synthesis"/>
        <Attr Name="UsedIn" Val="simulation"/>
      </FileInfo>
    </File>
    <File Path="$PSRCDIR/sources_1/imports/Instruction Tests/i04_JALR.mem">
      <FileInfo>
        <Attr Name="ImportPath" Val="$PPRDIR/../Instruction Tests/i04_JALR.mem"/>
        <Attr Name="ImportTime" Val="1639055337"/>
        <Attr Name="UsedIn" Val="synthesis"/>
        <Attr Name="UsedIn" Val="simulation"/>
      </FileInfo>
    </File>
    <File Path="$PSRCDIR/sources_1/imports/Instruction Tests/i01_LUI.mem">
      <FileInfo>
        <Attr Name="ImportPath" Val="$PPRDIR/../Instruction Tests/i01_LUI.mem"/>
        <Attr Name="ImportTime" Val="1639055205"/>
        <Attr Name="UsedIn" Val="synthesis"/>
        <Attr Name="UsedIn" Val="simulation"/>
      </FileInfo>
    </File>
    <File Path="$PSRCDIR/sources_1/imports/Instruction Tests/i06_BNE.mem">
      <FileInfo>
        <Attr Name="ImportPath" Val="$PPRDIR/../Instruction Tests/i06_BNE.mem"/>
        <Attr Name="ImportTime" Val="1639055268"/>
        <Attr Name="UsedIn" Val="synthesis"/>
        <Attr Name="UsedIn" Val="simulation"/>
      </FileInfo>
    </File>
    <File Path="$PSRCDIR/sources_1/imports/Instruction Tests/i08_BGE.mem">
      <FileInfo>
        <Attr Name="ImportPath" Val="$PPRDIR/../Instruction Tests/i08_BGE.mem"/>
        <Attr Name="ImportTime" Val="1639055245"/>
        <Attr Name="UsedIn" Val="synthesis"/>
        <Attr Name="UsedIn" Val="simulation"/>
      </FileInfo>
    </File>
    <File Path="$PSRCDIR/sources_1/imports/Instruction Tests/i02_AUIPC.mem">
      <FileInfo>
        <Attr Name="ImportPath" Val="$PPRDIR/../Instruction Tests/i02_AUIPC.mem"/>
        <Attr Name="ImportTime" Val="1639055188"/>
        <Attr Name="UsedIn" Val="synthesis"/>
        <Attr Name="UsedIn" Val="simulation"/>
      </FileInfo>
    </File>
    <File Path="$PSRCDIR/sources_1/imports/Instruction Tests/i03_JAL.mem">
      <FileInfo>
        <Attr Name="ImportPath" Val="$PPRDIR/../Instruction Tests/i03_JAL.mem"/>
        <Attr Name="ImportTime" Val="1639055166"/>
        <Attr Name="UsedIn" Val="synthesis"/>
        <Attr Name="UsedIn" Val="simulation"/>
      </FileInfo>
    </File>
    <File Path="$PSRCDIR/sources_1/imports/Instruction Tests/i09_BLTU.mem">
      <FileInfo>
        <Attr Name="ImportPath" Val="$PPRDIR/../Instruction Tests/i09_BLTU.mem"/>
        <Attr Name="ImportTime" Val="1639055234"/>
        <Attr Name="UsedIn" Val="synthesis"/>
        <Attr Name="UsedIn" Val="simulation"/>
      </FileInfo>
    </File>
    <File Path="$PSRCDIR/sources_1/imports/Instruction Tests/i05_BEQ.mem">
      <FileInfo>
        <Attr Name="ImportPath" Val="$PPRDIR/../Instruction Tests/i05_BEQ.mem"/>
        <Attr Name="ImportTime" Val="1639055281"/>
        <Attr Name="UsedIn" Val="synthesis"/>
        <Attr Name="UsedIn" Val="simulation"/>
      </FileInfo>
    </File>
    <File Path="$PSRCDIR/sources_1/imports/Instruction Tests/i07_BLT.mem">
      <FileInfo>
        <Attr Name="ImportPath" Val="$PPRDIR/../Instruction Tests/i07_BLT.mem"/>
        <Attr Name="ImportTime" Val="1639055255"/>
        <Attr Name="UsedIn" Val="synthesis"/>
        <Attr Name="UsedIn" Val="simulation"/>
      </FileInfo>
    </File>
    <File Path="$PSRCDIR/sources_1/imports/Instruction Tests/inst_mem_cpy.mem">
      <FileInfo>
        <Attr Name="ImportPath" Val="$PPRDIR/../Instruction Tests/inst_mem_cpy.mem"/>
        <Attr Name="ImportTime" Val="1639055975"/>
        <Attr Name="UsedIn" Val="synthesis"/>
        <Attr Name="UsedIn" Val="simulation"/>
      </FileInfo>
    </File>
    <File Path="$PPRDIR/../Instruction Tests/i39_ECALL.mem">
      <FileInfo>
        <Attr Name="UsedIn" Val="synthesis"/>
        <Attr Name="UsedIn" Val="simulation"/>
      </FileInfo>
    </File>
    <File Path="$PPRDIR/../Instruction Tests/i38_FENCE.mem">
      <FileInfo>
        <Attr Name="UsedIn" Val="synthesis"/>
        <Attr Name="UsedIn" Val="simulation"/>
      </FileInfo>
    </File>
    <File Path="$PPRDIR/../Instruction Tests/i40_EBREAK.mem">
      <FileInfo>
        <Attr Name="UsedIn" Val="synthesis"/>
        <Attr Name="UsedIn" Val="simulation"/>
      </FileInfo>
    </File>
    <Config>
      <Option Name="DesignMode" Val="RTL"/>
      <Option Name="TopModule" Val="NYU_6463_RV32I_Processor"/>
    </Config>
  </FileSet>
  <FileSet Name="constrs_in" Type="Constrs" RelSrcDir="$PSRCDIR/constrs_1">
    <Filter Type="Constrs"/>
    <File Path="$PSRCDIR/constrs_1/imports/Constraints Files/Nexys4DDR_Master.xdc">
      <FileInfo>
        <Attr Name="ImportPath" Val="$PPRDIR/../../New York University/PhD Degree/Year 1/Semester 1/Advanced Hardware Design/Constraints Files/Nexys4DDR_Master.xdc"/>
        <Attr Name="ImportTime" Val="1634877420"/>
        <Attr Name="UsedIn" Val="synthesis"/>
        <Attr Name="UsedIn" Val="implementation"/>
      </FileInfo>
    </File>
    <Config>
      <Option Name="ConstrsType" Val="XDC"/>
    </Config>
  </FileSet>
  <FileSet Name="utils" Type="Utils" RelSrcDir="$PSRCDIR/utils_1">
    <Filter Type="Utils"/>
    <Config>
      <Option Name="TopAutoSet" Val="TRUE"/>
    </Config>
  </FileSet>
  <Strategy Version="1" Minor="2">
    <StratHandle Name="Vivado Implementation Defaults" Flow="Vivado Implementation 2018"/>
    <Step Id="init_design"/>
    <Step Id="opt_design"/>
    <Step Id="power_opt_design"/>
    <Step Id="place_design"/>
    <Step Id="post_place_power_opt_design"/>
    <Step Id="phys_opt_design"/>
    <Step Id="route_design"/>
    <Step Id="post_route_phys_opt_design"/>
    <Step Id="write_bitstream"/>
  </Strategy>
</GenRun>
