<?xml version="1.0" encoding="UTF-8"?>
<GenRun Id="synth_1" LaunchPart="xc7a100tcsg324-1" LaunchTime="1639054894">
  <File Type="PA-TCL" Name="NYU_6463_RV32I_Processor.tcl"/>
  <File Type="RDS-PROPCONSTRS" Name="NYU_6463_RV32I_Processor_drc_synth.rpt"/>
  <File Type="REPORTS-TCL" Name="NYU_6463_RV32I_Processor_reports.tcl"/>
  <File Type="RDS-RDS" Name="NYU_6463_RV32I_Processor.vds"/>
  <File Type="RDS-UTIL" Name="NYU_6463_RV32I_Processor_utilization_synth.rpt"/>
  <File Type="RDS-UTIL-PB" Name="NYU_6463_RV32I_Processor_utilization_synth.pb"/>
  <File Type="RDS-DCP" Name="NYU_6463_RV32I_Processor.dcp"/>
  <File Type="VDS-TIMINGSUMMARY" Name="NYU_6463_RV32I_Processor_timing_summary_synth.rpt"/>
  <File Type="VDS-TIMING-PB" Name="NYU_6463_RV32I_Processor_timing_summary_synth.pb"/>
  <FileSet Name="sources" Type="DesignSrcs" RelSrcDir="$PSRCDIR/sources_1">
    <Filter Type="Srcs"/>
    <File Path="$PSRCDIR/sources_1/new/RV321_pkg.vhd">
      <FileInfo>
        <Attr Name="ImportPath" Val="$PPRDIR/../../New York University/PhD Degree/Year 1/Semester 1/Advanced Hardware Design/Class Project 2021/Project Files/NYU-6463-RV321 Processor/NYU-6463-RV321 Processor.srcs/sources_1/new/RV321_pkg.vhd"/>
        <Attr Name="ImportTime" Val="1638758666"/>
        <Attr Name="UsedIn" Val="synthesis"/>
        <Attr Name="UsedIn" Val="simulation"/>
      </FileInfo>
    </File>
    <File Path="$PSRCDIR/sources_1/new/Control_Unit.vhd">
      <FileInfo>
        <Attr Name="ImportPath" Val="$PPRDIR/../../New York University/PhD Degree/Year 1/Semester 1/Advanced Hardware Design/Class Project 2021/Project Files/NYU-6463-RV321 Processor/NYU-6463-RV321 Processor.srcs/sources_1/new/Control_Unit.vhd"/>
        <Attr Name="ImportTime" Val="1638690451"/>
        <Attr Name="UsedIn" Val="synthesis"/>
        <Attr Name="UsedIn" Val="simulation"/>
      </FileInfo>
    </File>
    <File Path="$PSRCDIR/sources_1/new/Switch_Memory.vhd">
      <FileInfo>
        <Attr Name="ImportPath" Val="$PPRDIR/../../New York University/PhD Degree/Year 1/Semester 1/Advanced Hardware Design/Class Project 2021/Project Files/NYU-6463-RV321 Processor/NYU-6463-RV321 Processor.srcs/sources_1/new/Switch_Memory.vhd"/>
        <Attr Name="ImportTime" Val="1637980123"/>
        <Attr Name="UsedIn" Val="synthesis"/>
        <Attr Name="UsedIn" Val="simulation"/>
      </FileInfo>
    </File>
    <File Path="$PSRCDIR/sources_1/new/Data_Memory.vhd">
      <FileInfo>
        <Attr Name="ImportPath" Val="$PPRDIR/../../New York University/PhD Degree/Year 1/Semester 1/Advanced Hardware Design/Class Project 2021/Project Files/NYU-6463-RV321 Processor/NYU-6463-RV321 Processor.srcs/sources_1/new/Data_Memory.vhd"/>
        <Attr Name="ImportTime" Val="1638731277"/>
        <Attr Name="UsedIn" Val="synthesis"/>
        <Attr Name="UsedIn" Val="simulation"/>
      </FileInfo>
    </File>
    <File Path="$PSRCDIR/sources_1/new/Led_Memory.vhd">
      <FileInfo>
        <Attr Name="ImportPath" Val="$PPRDIR/../../New York University/PhD Degree/Year 1/Semester 1/Advanced Hardware Design/Class Project 2021/Project Files/NYU-6463-RV321 Processor/NYU-6463-RV321 Processor.srcs/sources_1/new/Led_Memory.vhd"/>
        <Attr Name="ImportTime" Val="1637906655"/>
        <Attr Name="UsedIn" Val="synthesis"/>
        <Attr Name="UsedIn" Val="simulation"/>
      </FileInfo>
    </File>
    <File Path="$PSRCDIR/sources_1/new/OPCODES.vhd">
      <FileInfo>
        <Attr Name="ImportPath" Val="$PPRDIR/../../New York University/PhD Degree/Year 1/Semester 1/Advanced Hardware Design/Class Project 2021/Project Files/NYU-6463-RV321 Processor/NYU-6463-RV321 Processor.srcs/sources_1/new/OPCODES.vhd"/>
        <Attr Name="ImportTime" Val="1637325473"/>
        <Attr Name="UsedIn" Val="synthesis"/>
        <Attr Name="UsedIn" Val="simulation"/>
      </FileInfo>
    </File>
    <File Path="$PSRCDIR/sources_1/new/Program_Counter.vhd">
      <FileInfo>
        <Attr Name="ImportPath" Val="$PPRDIR/../../New York University/PhD Degree/Year 1/Semester 1/Advanced Hardware Design/Class Project 2021/Project Files/NYU-6463-RV321 Processor/NYU-6463-RV321 Processor.srcs/sources_1/new/Program_Counter.vhd"/>
        <Attr Name="ImportTime" Val="1637049633"/>
        <Attr Name="UsedIn" Val="synthesis"/>
        <Attr Name="UsedIn" Val="simulation"/>
      </FileInfo>
    </File>
    <File Path="$PSRCDIR/sources_1/new/Instruction_Memory.vhd">
      <FileInfo>
        <Attr Name="ImportPath" Val="$PPRDIR/../../New York University/PhD Degree/Year 1/Semester 1/Advanced Hardware Design/Class Project 2021/Project Files/NYU-6463-RV321 Processor/NYU-6463-RV321 Processor.srcs/sources_1/new/Instruction_Memory.vhd"/>
        <Attr Name="ImportTime" Val="1637217460"/>
        <Attr Name="UsedIn" Val="synthesis"/>
        <Attr Name="UsedIn" Val="simulation"/>
      </FileInfo>
    </File>
    <File Path="$PSRCDIR/sources_1/imports/NYU-6463-RV321 Processor/main.mem">
      <FileInfo>
        <Attr Name="ImportPath" Val="$PPRDIR/../../New York University/PhD Degree/Year 1/Semester 1/Advanced Hardware Design/Class Project 2021/Project Files/NYU-6463-RV321 Processor/main.mem"/>
        <Attr Name="ImportTime" Val="1637049316"/>
        <Attr Name="UsedIn" Val="synthesis"/>
        <Attr Name="UsedIn" Val="simulation"/>
      </FileInfo>
    </File>
    <File Path="$PSRCDIR/sources_1/imports/NYU-6463-RV321 Processor/nnum.mem">
      <FileInfo>
        <Attr Name="ImportPath" Val="$PPRDIR/../../New York University/PhD Degree/Year 1/Semester 1/Advanced Hardware Design/Class Project 2021/Project Files/NYU-6463-RV321 Processor/nnum.mem"/>
        <Attr Name="ImportTime" Val="1637124238"/>
        <Attr Name="UsedIn" Val="synthesis"/>
        <Attr Name="UsedIn" Val="simulation"/>
      </FileInfo>
    </File>
    <File Path="$PSRCDIR/sources_1/new/Memory.vhd">
      <FileInfo>
        <Attr Name="ImportPath" Val="$PPRDIR/../../New York University/PhD Degree/Year 1/Semester 1/Advanced Hardware Design/Class Project 2021/Project Files/NYU-6463-RV321 Processor/NYU-6463-RV321 Processor.srcs/sources_1/new/Memory.vhd"/>
        <Attr Name="ImportTime" Val="1638758604"/>
        <Attr Name="UsedIn" Val="synthesis"/>
        <Attr Name="UsedIn" Val="simulation"/>
      </FileInfo>
    </File>
    <File Path="$PSRCDIR/sources_1/new/Nnum_Memory.vhd">
      <FileInfo>
        <Attr Name="ImportPath" Val="$PPRDIR/../../New York University/PhD Degree/Year 1/Semester 1/Advanced Hardware Design/Class Project 2021/Project Files/NYU-6463-RV321 Processor/NYU-6463-RV321 Processor.srcs/sources_1/new/Nnum_Memory.vhd"/>
        <Attr Name="ImportTime" Val="1637908323"/>
        <Attr Name="UsedIn" Val="synthesis"/>
        <Attr Name="UsedIn" Val="simulation"/>
      </FileInfo>
    </File>
    <File Path="$PSRCDIR/sources_1/imports/Data_ext/Data_ext.vhd">
      <FileInfo>
        <Attr Name="ImportPath" Val="$PPRDIR/../GIT/NYU-6463-RV321/ARTEM/Data_ext/Data_ext.vhd"/>
        <Attr Name="ImportTime" Val="1638817619"/>
        <Attr Name="UsedIn" Val="synthesis"/>
        <Attr Name="UsedIn" Val="simulation"/>
      </FileInfo>
    </File>
    <File Path="$PSRCDIR/sources_1/imports/Imm_ext/Imm_ext.vhd">
      <FileInfo>
        <Attr Name="ImportPath" Val="$PPRDIR/../GIT/NYU-6463-RV321/ARTEM/Imm_ext/Imm_ext.vhd"/>
        <Attr Name="ImportTime" Val="1638817619"/>
        <Attr Name="UsedIn" Val="synthesis"/>
        <Attr Name="UsedIn" Val="simulation"/>
      </FileInfo>
    </File>
    <File Path="$PSRCDIR/sources_1/imports/ALU Components/SRA_Func.vhd">
      <FileInfo>
        <Attr Name="ImportPath" Val="$PPRDIR/../GIT/NYU-6463-RV321/Shubham/ALU/ALU Components/SRA_Func.vhd"/>
        <Attr Name="ImportTime" Val="1638817619"/>
        <Attr Name="UsedIn" Val="synthesis"/>
        <Attr Name="UsedIn" Val="simulation"/>
      </FileInfo>
    </File>
    <File Path="$PSRCDIR/sources_1/imports/ALU Components/AND_Func.vhd">
      <FileInfo>
        <Attr Name="ImportPath" Val="$PPRDIR/../GIT/NYU-6463-RV321/Shubham/ALU/ALU Components/AND_Func.vhd"/>
        <Attr Name="ImportTime" Val="1638817619"/>
        <Attr Name="UsedIn" Val="synthesis"/>
        <Attr Name="UsedIn" Val="simulation"/>
      </FileInfo>
    </File>
    <File Path="$PSRCDIR/sources_1/imports/ALU Components/SLT_Func.vhd">
      <FileInfo>
        <Attr Name="ImportPath" Val="$PPRDIR/../GIT/NYU-6463-RV321/Shubham/ALU/ALU Components/SLT_Func.vhd"/>
        <Attr Name="ImportTime" Val="1638817619"/>
        <Attr Name="UsedIn" Val="synthesis"/>
        <Attr Name="UsedIn" Val="simulation"/>
      </FileInfo>
    </File>
    <File Path="$PSRCDIR/sources_1/imports/ALU Components/SLTU_Func.vhd">
      <FileInfo>
        <Attr Name="ImportPath" Val="$PPRDIR/../GIT/NYU-6463-RV321/Shubham/ALU/ALU Components/SLTU_Func.vhd"/>
        <Attr Name="ImportTime" Val="1638817619"/>
        <Attr Name="UsedIn" Val="synthesis"/>
        <Attr Name="UsedIn" Val="simulation"/>
      </FileInfo>
    </File>
    <File Path="$PSRCDIR/sources_1/imports/ALU Components/SLL_Func.vhd">
      <FileInfo>
        <Attr Name="ImportPath" Val="$PPRDIR/../GIT/NYU-6463-RV321/Shubham/ALU/ALU Components/SLL_Func.vhd"/>
        <Attr Name="ImportTime" Val="1638817619"/>
        <Attr Name="UsedIn" Val="synthesis"/>
        <Attr Name="UsedIn" Val="simulation"/>
      </FileInfo>
    </File>
    <File Path="$PSRCDIR/sources_1/imports/ALU Components/ADD_Func.vhd">
      <FileInfo>
        <Attr Name="ImportPath" Val="$PPRDIR/../GIT/NYU-6463-RV321/Shubham/ALU/ALU Components/ADD_Func.vhd"/>
        <Attr Name="ImportTime" Val="1638817619"/>
        <Attr Name="UsedIn" Val="synthesis"/>
        <Attr Name="UsedIn" Val="simulation"/>
      </FileInfo>
    </File>
    <File Path="$PSRCDIR/sources_1/imports/ALU Components/SRL_Func.vhd">
      <FileInfo>
        <Attr Name="ImportPath" Val="$PPRDIR/../GIT/NYU-6463-RV321/Shubham/ALU/ALU Components/SRL_Func.vhd"/>
        <Attr Name="ImportTime" Val="1638817619"/>
        <Attr Name="UsedIn" Val="synthesis"/>
        <Attr Name="UsedIn" Val="simulation"/>
      </FileInfo>
    </File>
    <File Path="$PSRCDIR/sources_1/imports/ALU Components/SUB_Func.vhd">
      <FileInfo>
        <Attr Name="ImportPath" Val="$PPRDIR/../GIT/NYU-6463-RV321/Shubham/ALU/ALU Components/SUB_Func.vhd"/>
        <Attr Name="ImportTime" Val="1638817619"/>
        <Attr Name="UsedIn" Val="synthesis"/>
        <Attr Name="UsedIn" Val="simulation"/>
      </FileInfo>
    </File>
    <File Path="$PSRCDIR/sources_1/imports/ALU Components/OR_Func.vhd">
      <FileInfo>
        <Attr Name="ImportPath" Val="$PPRDIR/../GIT/NYU-6463-RV321/Shubham/ALU/ALU Components/OR_Func.vhd"/>
        <Attr Name="ImportTime" Val="1638817619"/>
        <Attr Name="UsedIn" Val="synthesis"/>
        <Attr Name="UsedIn" Val="simulation"/>
      </FileInfo>
    </File>
    <File Path="$PSRCDIR/sources_1/imports/ALU Components/XOR_Func.vhd">
      <FileInfo>
        <Attr Name="ImportPath" Val="$PPRDIR/../GIT/NYU-6463-RV321/Shubham/ALU/ALU Components/XOR_Func.vhd"/>
        <Attr Name="ImportTime" Val="1638817619"/>
        <Attr Name="UsedIn" Val="synthesis"/>
        <Attr Name="UsedIn" Val="simulation"/>
      </FileInfo>
    </File>
    <File Path="$PSRCDIR/sources_1/imports/ALU/ALU.vhd">
      <FileInfo>
        <Attr Name="ImportPath" Val="$PPRDIR/../GIT/NYU-6463-RV321/Shubham/ALU/ALU.vhd"/>
        <Attr Name="ImportTime" Val="1638817619"/>
        <Attr Name="UsedIn" Val="synthesis"/>
        <Attr Name="UsedIn" Val="simulation"/>
      </FileInfo>
    </File>
    <File Path="$PSRCDIR/sources_1/imports/Branch Comparisons/BranchCmp.vhd">
      <FileInfo>
        <Attr Name="ImportPath" Val="$PPRDIR/../GIT/NYU-6463-RV321/Shubham/Branch Comparisons/BranchCmp.vhd"/>
        <Attr Name="ImportTime" Val="1638817619"/>
        <Attr Name="UsedIn" Val="synthesis"/>
        <Attr Name="UsedIn" Val="simulation"/>
      </FileInfo>
    </File>
    <File Path="$PSRCDIR/sources_1/imports/REGISTER FILE/reg_file.vhd">
      <FileInfo>
        <Attr Name="ImportPath" Val="$PPRDIR/../GIT/NYU-6463-RV321/Shubham/REGISTER FILE/reg_file.vhd"/>
        <Attr Name="ImportTime" Val="1638817619"/>
        <Attr Name="UsedIn" Val="synthesis"/>
        <Attr Name="UsedIn" Val="simulation"/>
      </FileInfo>
    </File>
    <File Path="$PSRCDIR/sources_1/new/NYU_6463_RV32I_Processor.vhd">
      <FileInfo>
        <Attr Name="UsedIn" Val="synthesis"/>
        <Attr Name="UsedIn" Val="simulation"/>
      </FileInfo>
    </File>
    <Config>
      <Option Name="DesignMode" Val="RTL"/>
      <Option Name="TopModule" Val="NYU_6463_RV32I_Processor"/>
    </Config>
  </FileSet>
  <FileSet Name="constrs_in" Type="Constrs" RelSrcDir="$PSRCDIR/constrs_1">
    <Filter Type="Constrs"/>
    <File Path="$PSRCDIR/constrs_1/imports/Constraints Files/Nexys4DDR_Master.xdc">
      <FileInfo>
        <Attr Name="ImportPath" Val="$PPRDIR/../../New York University/PhD Degree/Year 1/Semester 1/Advanced Hardware Design/Constraints Files/Nexys4DDR_Master.xdc"/>
        <Attr Name="ImportTime" Val="1634877420"/>
        <Attr Name="UsedIn" Val="synthesis"/>
        <Attr Name="UsedIn" Val="implementation"/>
      </FileInfo>
    </File>
    <Config>
      <Option Name="ConstrsType" Val="XDC"/>
    </Config>
  </FileSet>
  <FileSet Name="utils" Type="Utils" RelSrcDir="$PSRCDIR/utils_1">
    <Filter Type="Utils"/>
    <Config>
      <Option Name="TopAutoSet" Val="TRUE"/>
    </Config>
  </FileSet>
  <Strategy Version="1" Minor="2">
    <StratHandle Name="Vivado Synthesis Defaults" Flow="Vivado Synthesis 2018"/>
    <Step Id="synth_design"/>
  </Strategy>
</GenRun>
